# Partition table for ESP32-S3 N8R2 (8 MB flash, 2 MB PSRAM).
# Layout:
#   nvs      20 KB  - WiFi creds, settings, etc.
#   otadata   8 KB  - OTA metadata
#   app0    3.875 MB - main firmware (current build ~1.2 MB, plenty of headroom)
#   spiffs  ~4 MB  - LittleFS: web UI assets (~160 KB) + image GIFs + room to grow
#   coredump 64 KB - panic core dump
# Total: 0x800000 = 8 MB
# Name,   Type, SubType, Offset,   Size,     Flags
nvs,      data, nvs,     0x9000,   0x5000,
otadata,  data, ota,     0xE000,   0x2000,
app0,     app,  ota_0,   0x10000,  0x3E0000,
spiffs,   data, spiffs,  0x3F0000, 0x400000,
coredump, data, coredump,0x7F0000, 0x10000,
